product_code,product_label,product_type,price
P001,iPhone 5 16GB Black,Refurbished,70
P002,iPhone 5 16GB Silver,Refurbished,70
P003,iPhone 5 32GB Black,Refurbished,70
P004,iPhone 5 32GB Silver,Refurbished,70
P005,iPhone 5 64GB Black,Refurbished,70
P006,iPhone 5 64GB Silver,Refurbished,70
P007,iPhone 5c 8GB Blue,Refurbished,80
P008,iPhone 5c 8GB Green,Refurbished,80
P009,iPhone 5c 8GB Yellow,Refurbished,80
P010,iPhone 5c 8GB Red,Refurbished,80
P011,iPhone 5c 8GB White,Refurbished,80
P012,iPhone 5c 16GB Blue,Refurbished,80
P013,iPhone 5c 16GB Green,Refurbished,80
P014,iPhone 5c 16GB Yellow,Refurbished,80
P015,iPhone 5c 16GB Red,Refurbished,80
P016,iPhone 5c 16GB White,Refurbished,80
P017,iPhone 5c 32GB Blue,Refurbished,80
P018,iPhone 5c 32GB Green,Refurbished,80
P019,iPhone 5c 32GB Yellow,Refurbished,80
P020,iPhone 5c 32GB Red,Refurbished,80
P021,iPhone 5c 32GB White,Refurbished,80
P022,iPhone 5s 16GB Silver,Refurbished,80
P023,iPhone 5s 16GB Black,Refurbished,80
P024,iPhone 5s 16GB Rose Gold ,Refurbished,80
P025,iPhone 5s 32GB Silver,Refurbished,80
P026,iPhone 5s 32GB Black,Refurbished,80
P027,iPhone 5s 32GB Rose Gold ,Refurbished,80
P028,iPhone 5s 64GB Silver,Refurbished,80
P029,iPhone 5s 64GB Black,Refurbished,80
P030,iPhone 5s 64GB Rose Gold ,Refurbished,80
P031,iPhone 6 16GB Space Grey,Refurbished,90
P032,iPhone 6 16GB Silver,Refurbished,90
P033,iPhone 6 16GB Rose Gold ,Refurbished,90
P034,iPhone 6 64GB Space Grey,Refurbished,95
P035,iPhone 6 64GB Silver,Refurbished,95
P036,iPhone 6 64GB Rose Gold ,Refurbished,95
P037,iPhone 6 128GB Space Grey,Refurbished,95
P038,iPhone 6 128GB Silver,Refurbished,95
P039,iPhone 6 128GB Rose Gold ,Refurbished,95
P040,iPhone 6 Plus 16GB Space Grey,Refurbished,100
P041,iPhone 6 Plus 16GB Silver,Refurbished,100
P042,iPhone 6 Plus 16GB Rose Gold ,Refurbished,100
P043,iPhone 6 Plus 64GB Space Grey,Refurbished,105
P044,iPhone 6 Plus 64GB Silver,Refurbished,105
P045,iPhone 6 Plus 64GB Rose Gold ,Refurbished,105
P046,iPhone 6 Plus 128GB Space Grey,Refurbished,110
P047,iPhone 6 Plus 128GB Silver,Refurbished,110
P048,iPhone 6 Plus 128GB Rose Gold ,Refurbished,110
P049,iPhone 6s 16GB Space Grey,Refurbished,110
P050,iPhone 6s 16GB Silver,Refurbished,110
P051,iPhone 6s 16GB Rose Gold ,Refurbished,110
P052,iPhone 6s 16GB Gold ,Refurbished,110
P053,iPhone 6s 64GB Space Grey,Refurbished,115
P054,iPhone 6s 64GB Silver,Refurbished,115
P055,iPhone 6s 64GB Rose Gold ,Refurbished,115
P056,iPhone 6s 64GB Gold ,Refurbished,115
P057,iPhone 6s 128GB Space Grey,Refurbished,120
P058,iPhone 6s 128GB Silver,Refurbished,120
P059,iPhone 6s 128GB Rose Gold ,Refurbished,120
P060,iPhone 6s 128GB Gold ,Refurbished,120
P061,iPhone 6s Plus 16GB Space Grey,Refurbished,120
P062,iPhone 6s Plus 16GB Silver,Refurbished,120
P063,iPhone 6s Plus 16GB Rose Gold ,Refurbished,120
P064,iPhone 6s Plus 16GB Gold ,Refurbished,120
P065,iPhone 6s Plus 64GB Space Grey,Refurbished,125
P066,iPhone 6s Plus 64GB Silver,Refurbished,125
P067,iPhone 6s Plus 64GB Rose Gold ,Refurbished,125
P068,iPhone 6s Plus 64GB Gold ,Refurbished,125
P069,iPhone 6s Plus 128GB Space Grey,Refurbished,130
P070,iPhone 6s Plus 128GB Silver,Refurbished,130
P071,iPhone 6s Plus 128GB Rose Gold ,Refurbished,130
P072,iPhone 6s Plus 128GB Gold ,Refurbished,130
P073,iPhone SE (1st generation) 16GB Space Grey,Refurbished,60
P074,iPhone SE (1st generation) 16GB Silver,Refurbished,60
P075,iPhone SE (1st generation) 16GB Gold,Refurbished,60
P076,iPhone SE (1st generation) 16GB Rose Gold,Refurbished,60
P077,iPhone SE (1st generation) 32GB Space Grey,Refurbished,60
P078,iPhone SE (1st generation) 32GB Silver,Refurbished,60
P079,iPhone SE (1st generation) 32GB Gold,Refurbished,60
P080,iPhone SE (1st generation) 32GB Rose Gold,Refurbished,60
P081,iPhone SE (1st generation) 64GB Space Grey,Refurbished,60
P082,iPhone SE (1st generation) 64GB Silver,Refurbished,60
P083,iPhone SE (1st generation) 64GB Gold,Refurbished,60
P084,iPhone SE (1st generation) 64GB Rose Gold,Refurbished,60
P085,iPhone SE (1st generation) 128GB Space Grey,Refurbished,60
P086,iPhone SE (1st generation) 128GB Silver,Refurbished,60
P087,iPhone SE (1st generation) 128GB Gold,Refurbished,60
P088,iPhone SE (1st generation) 128GB Rose Gold,Refurbished,60
P089,iPhone 7 32GB Black,Refurbished,120
P090,iPhone 7 32GB Gold,Refurbished,120
P091,iPhone 7 32GB Jet Black,Refurbished,120
P092,iPhone 7 32GB Red,Refurbished,120
P093,iPhone 7 32GB Rose Gold,Refurbished,120
P094,iPhone 7 32GB Silver,Refurbished,120
P095,iPhone 7 128GB Black,Refurbished,125
P096,iPhone 7 128GB Gold,Refurbished,125
P097,iPhone 7 128GB Jet Black,Refurbished,125
P098,iPhone 7 128GB Red,Refurbished,125
P099,iPhone 7 128GB Rose Gold,Refurbished,125
P100,iPhone 7 128GB Silver,Refurbished,125
P101,iPhone 7 256GB Black,Refurbished,130
P102,iPhone 7 256GB Gold,Refurbished,130
P103,iPhone 7 256GB Jet Black,Refurbished,130
P104,iPhone 7 256GB Red,Refurbished,130
P105,iPhone 7 256GB Rose Gold,Refurbished,130
P106,iPhone 7 256GB Silver,Refurbished,130
P107,iPhone 7 Plus 32GB Black,Refurbished,130
P108,iPhone 7 Plus 32GB Gold,Refurbished,130
P109,iPhone 7 Plus 32GB Jet Black,Refurbished,130
P110,iPhone 7 Plus 32GB Red,Refurbished,130
P111,iPhone 7 Plus 32GB Rose Gold,Refurbished,130
P112,iPhone 7 Plus 32GB Silver,Refurbished,130
P113,iPhone 7 Plus 128GB Black,Refurbished,135
P114,iPhone 7 Plus 128GB Gold,Refurbished,135
P115,iPhone 7 Plus 128GB Jet Black,Refurbished,135
P116,iPhone 7 Plus 128GB Red,Refurbished,135
P117,iPhone 7 Plus 128GB Rose Gold,Refurbished,135
P118,iPhone 7 Plus 128GB Silver,Refurbished,135
P119,iPhone 7 Plus 256GB Black,Refurbished,130
P120,iPhone 7 Plus 256GB Gold,Refurbished,130
P121,iPhone 7 Plus 256GB Jet Black,Refurbished,130
P122,iPhone 7 Plus 256GB Red,Refurbished,130
P123,iPhone 7 Plus 256GB Rose Gold,Refurbished,130
P124,iPhone 7 Plus 256GB Silver,Refurbished,130
P125,iPhone 8 64GB Silver,Refurbished,170
P126,iPhone 8 64GB Gold,Refurbished,170
P127,iPhone 8 64GB Space Grey,Refurbished,170
P128,iPhone 8 128GB Silver,Refurbished,175
P129,iPhone 8 128GB Gold,Refurbished,175
P130,iPhone 8 128GB Space Grey,Refurbished,175
P131,iPhone 8 256GB Silver,Refurbished,180
P132,iPhone 8 256GB Gold,Refurbished,180
P133,iPhone 8 256GB Space Grey,Refurbished,180
P134,iPhone 8 Plus 64GB Silver,Refurbished,180
P135,iPhone 8 Plus 64GB Gold,Refurbished,180
P136,iPhone 8 Plus 64GB Space Grey,Refurbished,180
P137,iPhone 8 Plus 128GB Silver,Refurbished,185
P138,iPhone 8 Plus 128GB Gold,Refurbished,185
P139,iPhone 8 Plus 128GB Space Grey,Refurbished,185
P140,iPhone 8 Plus 256GB Silver,Refurbished,190
P141,iPhone 8 Plus 256GB Gold,Refurbished,190
P142,iPhone 8 Plus 256GB Space Grey,Refurbished,190
P143,iPhone X 64GB Space Grey,Refurbished,250
P144,iPhone X 64GB Silver,Refurbished,250
P145,iPhone X 256GB Space Grey,Refurbished,270
P146,iPhone X 256GB Silver,Refurbished,270
P147,iPhone XR 64GB White ,Refurbished,290
P148,iPhone XR 64GB Black,Refurbished,290
P149,iPhone XR 64GB Blue,Refurbished,290
P150,iPhone XR 64GB Yellow,Refurbished,290
P151,iPhone XR 64GB Coral,Refurbished,290
P152,iPhone XR 64GB Red,Refurbished,290
P153,iPhone XR 128GB White ,Refurbished,310
P154,iPhone XR 128GB Black,Refurbished,310
P155,iPhone XR 128GB Blue,Refurbished,310
P156,iPhone XR 128GB Yellow,Refurbished,310
P157,iPhone XR 128GB Coral,Refurbished,310
P158,iPhone XR 128GB Red,Refurbished,310
P159,iPhone XR 256GB White ,Refurbished,330
P160,iPhone XR 256GB Black,Refurbished,330
P161,iPhone XR 256GB Blue,Refurbished,330
P162,iPhone XR 256GB Yellow,Refurbished,330
P163,iPhone XR 256GB Coral,Refurbished,330
P164,iPhone XR 256GB Red,Refurbished,330
P165,iPhone XS 64GB Silver,Refurbished,350
P166,iPhone XS 64GB Gold,Refurbished,350
P167,iPhone XS 64GB Black,Refurbished,350
P168,iPhone XS 256GB Silver,Refurbished,370
P169,iPhone XS 256GB Gold,Refurbished,370
P170,iPhone XS 256GB Black,Refurbished,370
P171,iPhone XS 512GB Silver,Refurbished,390
P172,iPhone XS 512GB Gold,Refurbished,390
P173,iPhone XS 512GB Black,Refurbished,390
P174,iPhone XS Plus 64GB Silver,Refurbished,410
P175,iPhone XS Plus 64GB Gold,Refurbished,410
P176,iPhone XS Plus 64GB Black,Refurbished,410
P177,iPhone XS Plus 256GB Silver,Refurbished,430
P178,iPhone XS Plus 256GB Gold,Refurbished,430
P179,iPhone XS Plus 256GB Black,Refurbished,430
P180,iPhone XS Plus 512GB Silver,Refurbished,450
P181,iPhone XS Plus 512GB Gold,Refurbished,450
P182,iPhone XS Plus 512GB Black,Refurbished,450
P183,iPhone 11 64GB Black,Refurbished,420
P184,iPhone 11 64GB White,Refurbished,420
P185,iPhone 11 64GB Red,Refurbished,420
P186,iPhone 11 64GB Green,Refurbished,420
P187,iPhone 11 64GB Yellow,Refurbished,420
P188,iPhone 11 64GB Purple,Refurbished,420
P189,iPhone 11 128GB Black,Refurbished,430
P190,iPhone 11 128GB White,Refurbished,430
P191,iPhone 11 128GB Red,Refurbished,430
P192,iPhone 11 128GB Green,Refurbished,430
P193,iPhone 11 128GB Yellow,Refurbished,430
P194,iPhone 11 128GB Purple,Refurbished,430
P195,iPhone 11 256GB Black,Refurbished,440
P196,iPhone 11 256GB White,Refurbished,440
P197,iPhone 11 256GB Red,Refurbished,440
P198,iPhone 11 256GB Green,Refurbished,440
P199,iPhone 11 256GB Yellow,Refurbished,440
P200,iPhone 11 256GB Purple,Refurbished,440
P201,iPhone 11 Pro 64GB Space Grey,Refurbished,460
P202,iPhone 11 Pro 64GB Silver,Refurbished,460
P203,iPhone 11 Pro 64GB Gold,Refurbished,460
P204,iPhone 11 Pro 64GB Midnight Green,Refurbished,460
P205,iPhone 11 Pro 128GB Space Grey,Refurbished,480
P206,iPhone 11 Pro 128GB Silver,Refurbished,480
P207,iPhone 11 Pro 128GB Gold,Refurbished,480
P208,iPhone 11 Pro 128GB Midnight Green,Refurbished,480
P209,iPhone 11 Pro 256GB Space Grey,Refurbished,500
P210,iPhone 11 Pro 256GB Silver,Refurbished,500
P211,iPhone 11 Pro 256GB Gold,Refurbished,500
P212,iPhone 11 Pro 256GB Midnight Green,Refurbished,520
P213,iPhone 11 Pro Max 64GB Space Grey,Refurbished,520
P214,iPhone 11 Pro Max 64GB Silver,Refurbished,520
P215,iPhone 11 Pro Max 64GB Gold,Refurbished,520
P216,iPhone 11 Pro Max 64GB Midnight Green,Refurbished,520
P217,iPhone 11 Pro Max 128GB Space Grey,Refurbished,530
P218,iPhone 11 Pro Max 128GB Silver,Refurbished,530
P219,iPhone 11 Pro Max 128GB Gold,Refurbished,530
P220,iPhone 11 Pro Max 128GB Midnight Green,Refurbished,530
P221,iPhone 11 Pro Max 256GB Space Grey,Refurbished,550
P222,iPhone 11 Pro Max 256GB Silver,Refurbished,550
P223,iPhone 11 Pro Max 256GB Gold,Refurbished,550
P224,iPhone 11 Pro Max 256GB Midnight Green,Refurbished,550
P225,iPhone SE 2nd generation 64GB Black,Refurbished,180
P226,iPhone SE 2nd generation 64GB White,Refurbished,180
P227,iPhone SE 2nd generation 64GB Red,Refurbished,180
P228,iPhone SE 2nd generation 128GB Black,Refurbished,200
P229,iPhone SE 2nd generation 128GB White,Refurbished,200
P230,iPhone SE 2nd generation 128GB Red,Refurbished,200
P231,iPhone SE 2nd generation 256GB Black,Refurbished,220
P232,iPhone SE 2nd generation 256GB White,Refurbished,220
P233,iPhone SE 2nd generation 256GB Red,Refurbished,220
P234,iPhone 12 Mini 64GB Black,Refurbished,540
P235,iPhone 12 Mini 64GB White,Refurbished,540
P236,iPhone 12 Mini 64GB Red,Refurbished,540
P237,iPhone 12 Mini 64GB Green,Refurbished,540
P238,iPhone 12 Mini 64GB Blue,Refurbished,540
P239,iPhone 12 Mini 64GB Purple,Refurbished,540
P240,iPhone 12 Mini 128GB Black,Refurbished,560
P241,iPhone 12 Mini 128GB White,Refurbished,560
P242,iPhone 12 Mini 128GB Red,Refurbished,560
P243,iPhone 12 Mini 128GB Green,Refurbished,560
P244,iPhone 12 Mini 128GB Blue,Refurbished,560
P245,iPhone 12 Mini 128GB Purple,Refurbished,560
P246,iPhone 12 Mini 256GB Black,Refurbished,580
P247,iPhone 12 Mini 256GB White,Refurbished,580
P248,iPhone 12 Mini 256GB Red,Refurbished,580
P249,iPhone 12 Mini 256GB Green,Refurbished,580
P250,iPhone 12 Mini 256GB Blue,Refurbished,580
P251,iPhone 12 Mini 256GB Purple,Refurbished,580
P252,iPhone 12 64GB Black,Refurbished,580
P253,iPhone 12 64GB White,Refurbished,580
P254,iPhone 12 64GB Red,Refurbished,580
P255,iPhone 12 64GB Green,Refurbished,580
P256,iPhone 12 64GB Blue,Refurbished,580
P257,iPhone 12 64GB Purple,Refurbished,580
P258,iPhone 12 128GB Black,Refurbished,600
P259,iPhone 12 128GB White,Refurbished,600
P260,iPhone 12 128GB Red,Refurbished,600
P261,iPhone 12 128GB Green,Refurbished,600
P262,iPhone 12 128GB Blue,Refurbished,600
P263,iPhone 12 128GB Purple,Refurbished,630
P264,iPhone 12 256GB Black,Refurbished,630
P265,iPhone 12 256GB White,Refurbished,630
P266,iPhone 12 256GB Red,Refurbished,630
P267,iPhone 12 256GB Green,Refurbished,630
P268,iPhone 12 256GB Blue,Refurbished,630
P269,iPhone 12 256GB Purple,Refurbished,630
P270,iPhone 12 Pro 128GB Pacific Blue,Refurbished,630
P271,iPhone 12 Pro 128GB Graphite,Refurbished,630
P272,iPhone 12 Pro 128GB Silver,Refurbished,630
P273,iPhone 12 Pro 128GB Gold,Refurbished,630
P274,iPhone 12 Pro 256GB Pacific Blue,Refurbished,650
P275,iPhone 12 Pro 256GB Graphite,Refurbished,650
P276,iPhone 12 Pro 256GB Silver,Refurbished,650
P277,iPhone 12 Pro 256GB Gold,Refurbished,650
P278,iPhone 12 Pro 512GB Pacific Blue,Refurbished,670
P279,iPhone 12 Pro 512GB Graphite,Refurbished,670
P280,iPhone 12 Pro 512GB Silver,Refurbished,670
P281,iPhone 12 Pro 512GB Gold,Refurbished,670
P282,iPhone 12 Pro Max 128GB Pacific Blue,Refurbished,690
P283,iPhone 12 Pro Max 128GB Graphite,Refurbished,690
P284,iPhone 12 Pro Max 128GB Silver,Refurbished,690
P285,iPhone 12 Pro Max 128GB Gold,Refurbished,690
P286,iPhone 12 Pro Max 256GB Pacific Blue,Refurbished,720
P287,iPhone 12 Pro Max 256GB Graphite,Refurbished,720
P288,iPhone 12 Pro Max 256GB Silver,Refurbished,720
P289,iPhone 12 Pro Max 256GB Gold,Refurbished,720
P290,iPhone 12 Pro Max 512GB Pacific Blue,Refurbished,770
P291,iPhone 12 Pro Max 512GB Graphite,Refurbished,770
P292,iPhone 12 Pro Max 512GB Silver,Refurbished,770
P293,iPhone 12 Pro Max 512GB Gold,Refurbished,770
P294,iPhone 13 Mini 64GB Black,Refurbished,650
P295,iPhone 13 Mini 64GB White,Refurbished,650
P296,iPhone 13 Mini 64GB Red,Refurbished,650
P297,iPhone 13 Mini 64GB Green,Refurbished,650
P298,iPhone 13 Mini 64GB Blue,Refurbished,650
P299,iPhone 13 Mini 64GB Purple,Refurbished,650
P300,iPhone 13 Mini 128GB Black,Refurbished,670
P301,iPhone 13 Mini 128GB White,Refurbished,670
P302,iPhone 13 Mini 128GB Red,Refurbished,670
P303,iPhone 13 Mini 128GB Green,Refurbished,670
P304,iPhone 13 Mini 128GB Blue,Refurbished,670
P305,iPhone 13 Mini 128GB Purple,Refurbished,670
P306,iPhone 13 Mini 256GB Black,Refurbished,690
P307,iPhone 13 Mini 256GB White,Refurbished,690
P308,iPhone 13 Mini 256GB Red,Refurbished,690
P309,iPhone 13 Mini 256GB Green,Refurbished,690
P310,iPhone 13 Mini 256GB Blue,Refurbished,690
P311,iPhone 13 Mini 256GB Purple,Refurbished,690
P312,iPhone 13 64GB Black,Refurbished,690
P313,iPhone 13 64GB White,Refurbished,690
P314,iPhone 13 64GB Red,Refurbished,690
P315,iPhone 13 64GB Green,Refurbished,690
P316,iPhone 13 64GB Blue,Refurbished,690
P317,iPhone 13 64GB Purple,Refurbished,690
P318,iPhone 13 128GB Black,Refurbished,710
P319,iPhone 13 128GB White,Refurbished,710
P320,iPhone 13 128GB Red,Refurbished,710
P321,iPhone 13 128GB Green,Refurbished,710
P322,iPhone 13 128GB Blue,Refurbished,710
P323,iPhone 13 128GB Purple,Refurbished,710
P324,iPhone 13 256GB Black,Refurbished,730
P325,iPhone 13 256GB White,Refurbished,730
P326,iPhone 13 256GB Red,Refurbished,730
P327,iPhone 13 256GB Green,Refurbished,730
P328,iPhone 13 256GB Blue,Refurbished,730
P329,iPhone 13 256GB Purple,Refurbished,730
P330,iPhone 13 Pro 128GB Pacific Blue,Refurbished,750
P331,iPhone 13 Pro 128GB Graphite,Refurbished,750
P332,iPhone 13 Pro 128GB Silver,Refurbished,750
P333,iPhone 13 Pro 128GB Gold,Refurbished,750
P334,iPhone 13 Pro 256GB Pacific Blue,Refurbished,770
P335,iPhone 13 Pro 256GB Graphite,Refurbished,770
P336,iPhone 13 Pro 256GB Silver,Refurbished,770
P337,iPhone 13 Pro 256GB Gold,Refurbished,770
P338,iPhone 13 Pro 512GB Pacific Blue,Refurbished,790
P339,iPhone 13 Pro 512GB Graphite,Refurbished,790
P340,iPhone 13 Pro 512GB Silver,Refurbished,790
P341,iPhone 13 Pro 512GB Gold,Refurbished,790
P342,iPhone 13 Pro Max 128GB Pacific Blue,Refurbished,810
P343,iPhone 13 Pro Max 128GB Graphite,Refurbished,810
P344,iPhone 13 Pro Max 128GB Silver,Refurbished,810
P345,iPhone 13 Pro Max 128GB Gold,Refurbished,810
P346,iPhone 13 Pro Max 256GB Pacific Blue,Refurbished,830
P347,iPhone 13 Pro Max 256GB Graphite,Refurbished,830
P348,iPhone 13 Pro Max 256GB Silver,Refurbished,830
P349,iPhone 13 Pro Max 256GB Gold,Refurbished,830
P350,iPhone 13 Pro Max 512GB Pacific Blue,Refurbished,860
P351,iPhone 13 Pro Max 512GB Graphite,Refurbished,860
P352,iPhone 13 Pro Max 512GB Silver,Refurbished,860
P353,iPhone 13 Pro Max 512GB Gold,Refurbished,860
P354,iPhone 5  Screen Repair,Repair,50
P355,iPhone 5  Screen Repair,Repair,50
P356,iPhone 5  Screen Repair,Repair,50
P357,iPhone 5  Screen Repair,Repair,50
P358,iPhone 5  Screen Repair,Repair,50
P359,iPhone 5  Screen Repair,Repair,50
P360,iPhone 5c Screen Repair,Repair,60
P361,iPhone 5c Screen Repair,Repair,60
P362,iPhone 5c Screen Repair,Repair,60
P363,iPhone 5c Screen Repair,Repair,60
P364,iPhone 5c Screen Repair,Repair,60
P365,iPhone 5c Screen Repair,Repair,60
P366,iPhone 5c Screen Repair,Repair,60
P367,iPhone 5c Screen Repair,Repair,60
P368,iPhone 5c Screen Repair,Repair,60
P369,iPhone 5c Screen Repair,Repair,60
P370,iPhone 5c Screen Repair,Repair,60
P371,iPhone 5c Screen Repair,Repair,60
P372,iPhone 5c Screen Repair,Repair,60
P373,iPhone 5c Screen Repair,Repair,60
P374,iPhone 5c Screen Repair,Repair,60
P375,iPhone 5s Screen Repair,Repair,60
P376,iPhone 5s Screen Repair,Repair,60
P377,iPhone 5s Screen Repair,Repair,60
P378,iPhone 5s Screen Repair,Repair,60
P379,iPhone 5s Screen Repair,Repair,60
P380,iPhone 5s Screen Repair,Repair,60
P381,iPhone 5s Screen Repair,Repair,60
P382,iPhone 5s Screen Repair,Repair,25
P383,iPhone 5s Screen Repair,Repair,25
P384,iPhone 6  Screen Repair,Repair,80
P385,iPhone 6  Screen Repair,Repair,80
P386,iPhone 6  Screen Repair,Repair,80
P387,iPhone 6  Screen Repair,Repair,80
P388,iPhone 6  Screen Repair,Repair,80
P389,iPhone 6  Screen Repair,Repair,80
P390,iPhone 6  Screen Repair,Repair,80
P391,iPhone 6  Screen Repair,Repair,80
P392,iPhone 6  Screen Repair,Repair,80
P393,iPhone 6  Screen Repair,Repair,80
P394,iPhone 6  Screen Repair,Repair,80
P395,iPhone 6  Screen Repair,Repair,80
P396,iPhone 6  Screen Repair,Repair,80
P397,iPhone 6  Screen Repair,Repair,80
P398,iPhone 6  Screen Repair,Repair,80
P399,iPhone 6  Screen Repair,Repair,80
P400,iPhone 6  Screen Repair,Repair,80
P401,iPhone 6  Screen Repair,Repair,80
P402,iPhone 6s Screen Repair,Repair,90
P403,iPhone 6s Screen Repair,Repair,90
P404,iPhone 6s Screen Repair,Repair,90
P405,iPhone 6s Screen Repair,Repair,90
P406,iPhone 6s Screen Repair,Repair,90
P407,iPhone 6s Screen Repair,Repair,90
P408,iPhone 6s Screen Repair,Repair,90
P409,iPhone 6s Screen Repair,Repair,90
P410,iPhone 6s Screen Repair,Repair,90
P411,iPhone 6s Screen Repair,Repair,90
P412,iPhone 6s Screen Repair,Repair,90
P413,iPhone 6s Screen Repair,Repair,90
P414,iPhone 6s Screen Repair,Repair,90
P415,iPhone 6s Screen Repair,Repair,90
P416,iPhone 6s Screen Repair,Repair,90
P417,iPhone 6s Screen Repair,Repair,90
P418,iPhone 6s Screen Repair,Repair,90
P419,iPhone 6s Screen Repair,Repair,90
P420,iPhone 6s Screen Repair,Repair,90
P421,iPhone 6s Screen Repair,Repair,90
P422,iPhone 6s Screen Repair,Repair,90
P423,iPhone 6s Screen Repair,Repair,90
P424,iPhone 6s Screen Repair,Repair,90
P425,iPhone 6s Screen Repair,Repair,90
P426,iPhone SE Screen Repair,Repair,150
P427,iPhone SE Screen Repair,Repair,150
P428,iPhone SE Screen Repair,Repair,150
P429,iPhone SE Screen Repair,Repair,150
P430,iPhone SE Screen Repair,Repair,150
P431,iPhone SE Screen Repair,Repair,150
P432,iPhone SE Screen Repair,Repair,150
P433,iPhone SE Screen Repair,Repair,150
P434,iPhone SE Screen Repair,Repair,150
P435,iPhone SE Screen Repair,Repair,150
P436,iPhone SE Screen Repair,Repair,150
P437,iPhone SE Screen Repair,Repair,150
P438,iPhone SE Screen Repair,Repair,150
P439,iPhone SE Screen Repair,Repair,150
P440,iPhone SE Screen Repair,Repair,150
P441,iPhone SE Screen Repair,Repair,150
P442,iPhone 7  Screen Repair,Repair,120
P443,iPhone 7  Screen Repair,Repair,120
P444,iPhone 7  Screen Repair,Repair,120
P445,iPhone 7  Screen Repair,Repair,120
P446,iPhone 7  Screen Repair,Repair,120
P447,iPhone 7  Screen Repair,Repair,120
P448,iPhone 7  Screen Repair,Repair,120
P449,iPhone 7  Screen Repair,Repair,120
P450,iPhone 7  Screen Repair,Repair,120
P451,iPhone 7  Screen Repair,Repair,120
P452,iPhone 7  Screen Repair,Repair,120
P453,iPhone 7  Screen Repair,Repair,120
P454,iPhone 7  Screen Repair,Repair,120
P455,iPhone 7  Screen Repair,Repair,120
P456,iPhone 7  Screen Repair,Repair,120
P457,iPhone 7  Screen Repair,Repair,120
P458,iPhone 7  Screen Repair,Repair,120
P459,iPhone 7  Screen Repair,Repair,120
P460,iPhone 7  Screen Repair,Repair,120
P461,iPhone 7  Screen Repair,Repair,120
P462,iPhone 7  Screen Repair,Repair,120
P463,iPhone 7  Screen Repair,Repair,120
P464,iPhone 7  Screen Repair,Repair,120
P465,iPhone 7  Screen Repair,Repair,120
P466,iPhone 7  Screen Repair,Repair,120
P467,iPhone 7  Screen Repair,Repair,120
P468,iPhone 7  Screen Repair,Repair,120
P469,iPhone 7  Screen Repair,Repair,120
P470,iPhone 7  Screen Repair,Repair,120
P471,iPhone 7  Screen Repair,Repair,120
P472,iPhone 7  Screen Repair,Repair,120
P473,iPhone 7  Screen Repair,Repair,120
P474,iPhone 7  Screen Repair,Repair,120
P475,iPhone 7  Screen Repair,Repair,120
P476,iPhone 7  Screen Repair,Repair,120
P477,iPhone 7  Screen Repair,Repair,120
P478,iPhone 8  Screen Repair,Repair,150
P479,iPhone 8  Screen Repair,Repair,150
P480,iPhone 8  Screen Repair,Repair,150
P481,iPhone 8  Screen Repair,Repair,150
P482,iPhone 8  Screen Repair,Repair,150
P483,iPhone 8  Screen Repair,Repair,150
P484,iPhone 8  Screen Repair,Repair,150
P485,iPhone 8  Screen Repair,Repair,150
P486,iPhone 8  Screen Repair,Repair,150
P487,iPhone 8  Screen Repair,Repair,150
P488,iPhone 8  Screen Repair,Repair,150
P489,iPhone 8  Screen Repair,Repair,150
P490,iPhone 8  Screen Repair,Repair,150
P491,iPhone 8  Screen Repair,Repair,150
P492,iPhone 8  Screen Repair,Repair,150
P493,iPhone 8  Screen Repair,Repair,150
P494,iPhone 8  Screen Repair,Repair,150
P495,iPhone 8  Screen Repair,Repair,150
P496,iPhone X  Screen Repair,Repair,160
P497,iPhone X  Screen Repair,Repair,160
P498,iPhone X  Screen Repair,Repair,160
P499,iPhone X  Screen Repair,Repair,160
P500,iPhone XR Screen Repair,Repair,160
P501,iPhone XR Screen Repair,Repair,160
P502,iPhone XR Screen Repair,Repair,160
P503,iPhone XR Screen Repair,Repair,160
P504,iPhone XR Screen Repair,Repair,160
P505,iPhone XR Screen Repair,Repair,160
P506,iPhone XR Screen Repair,Repair,160
P507,iPhone XR Screen Repair,Repair,160
P508,iPhone XR Screen Repair,Repair,160
P509,iPhone XR Screen Repair,Repair,160
P510,iPhone XR Screen Repair,Repair,160
P511,iPhone XR Screen Repair,Repair,160
P512,iPhone XR Screen Repair,Repair,160
P513,iPhone XR Screen Repair,Repair,160
P514,iPhone XR Screen Repair,Repair,160
P515,iPhone XR Screen Repair,Repair,160
P516,iPhone XR Screen Repair,Repair,160
P517,iPhone XR Screen Repair,Repair,160
P518,iPhone XS Screen Repair,Repair,180
P519,iPhone XS Screen Repair,Repair,180
P520,iPhone XS Screen Repair,Repair,180
P521,iPhone XS Screen Repair,Repair,180
P522,iPhone XS Screen Repair,Repair,180
P523,iPhone XS Screen Repair,Repair,180
P524,iPhone XS Screen Repair,Repair,180
P525,iPhone XS Screen Repair,Repair,180
P526,iPhone XS Screen Repair,Repair,180
P527,iPhone XS Screen Repair,Repair,180
P528,iPhone XS Screen Repair,Repair,180
P529,iPhone XS Screen Repair,Repair,180
P530,iPhone XS Screen Repair,Repair,180
P531,iPhone XS Screen Repair,Repair,180
P532,iPhone XS Screen Repair,Repair,180
P533,iPhone XS Screen Repair,Repair,180
P534,iPhone XS Screen Repair,Repair,180
P535,iPhone XS Screen Repair,Repair,180
P536,iPhone 11 Screen Repair,Repair,200
P537,iPhone 11 Screen Repair,Repair,200
P538,iPhone 11 Screen Repair,Repair,200
P539,iPhone 11 Screen Repair,Repair,200
P540,iPhone 11 Screen Repair,Repair,200
P541,iPhone 11 Screen Repair,Repair,200
P542,iPhone 11 Screen Repair,Repair,200
P543,iPhone 11 Screen Repair,Repair,200
P544,iPhone 11 Screen Repair,Repair,200
P545,iPhone 11 Screen Repair,Repair,200
P546,iPhone 11 Screen Repair,Repair,200
P547,iPhone 11 Screen Repair,Repair,200
P548,iPhone 11 Screen Repair,Repair,200
P549,iPhone 11 Screen Repair,Repair,200
P550,iPhone 11 Screen Repair,Repair,200
P551,iPhone 11 Screen Repair,Repair,200
P552,iPhone 11 Screen Repair,Repair,200
P553,iPhone 11 Screen Repair,Repair,200
P554,iPhone 11 Screen Repair,Repair,200
P555,iPhone 11 Screen Repair,Repair,200
P556,iPhone 11 Screen Repair,Repair,200
P557,iPhone 11 Screen Repair,Repair,200
P558,iPhone 11 Screen Repair,Repair,200
P559,iPhone 11 Screen Repair,Repair,200
P560,iPhone 11 Screen Repair,Repair,200
P561,iPhone 11 Screen Repair,Repair,200
P562,iPhone 11 Screen Repair,Repair,200
P563,iPhone 11 Screen Repair,Repair,200
P564,iPhone 11 Screen Repair,Repair,200
P565,iPhone 11 Screen Repair,Repair,200
P566,iPhone 11 Screen Repair,Repair,200
P567,iPhone 11 Screen Repair,Repair,200
P568,iPhone 11 Screen Repair,Repair,200
P569,iPhone 11 Screen Repair,Repair,200
P570,iPhone 11 Screen Repair,Repair,200
P571,iPhone 11 Screen Repair,Repair,200
P572,iPhone 11 Screen Repair,Repair,200
P573,iPhone 11 Screen Repair,Repair,200
P574,iPhone 11 Screen Repair,Repair,200
P575,iPhone 11 Screen Repair,Repair,200
P576,iPhone 11 Screen Repair,Repair,200
P577,iPhone 11 Screen Repair,Repair,200
P578,iPhone SE Screen Repair,Repair,150
P579,iPhone SE Screen Repair,Repair,150
P580,iPhone SE Screen Repair,Repair,150
P581,iPhone SE Screen Repair,Repair,150
P582,iPhone SE Screen Repair,Repair,150
P583,iPhone SE Screen Repair,Repair,150
P584,iPhone SE Screen Repair,Repair,150
P585,iPhone SE Screen Repair,Repair,150
P586,iPhone SE Screen Repair,Repair,150
P587,iPhone 12 Screen Repair,Repair,250
P588,iPhone 12 Screen Repair,Repair,250
P589,iPhone 12 Screen Repair,Repair,250
P590,iPhone 12 Screen Repair,Repair,250
P591,iPhone 12 Screen Repair,Repair,250
P592,iPhone 12 Screen Repair,Repair,250
P593,iPhone 12 Screen Repair,Repair,250
P594,iPhone 12 Screen Repair,Repair,250
P595,iPhone 12 Screen Repair,Repair,250
P596,iPhone 12 Screen Repair,Repair,250
P597,iPhone 12 Screen Repair,Repair,250
P598,iPhone 12 Screen Repair,Repair,250
P599,iPhone 12 Screen Repair,Repair,250
P600,iPhone 12 Screen Repair,Repair,250
P601,iPhone 12 Screen Repair,Repair,250
P602,iPhone 12 Screen Repair,Repair,250
P603,iPhone 12 Screen Repair,Repair,250
P604,iPhone 12 Screen Repair,Repair,250
P605,iPhone 12 Screen Repair,Repair,250
P606,iPhone 12 Screen Repair,Repair,250
P607,iPhone 12 Screen Repair,Repair,250
P608,iPhone 12 Screen Repair,Repair,250
P609,iPhone 12 Screen Repair,Repair,250
P610,iPhone 12 Screen Repair,Repair,250
P611,iPhone 12 Screen Repair,Repair,250
P612,iPhone 12 Screen Repair,Repair,250
P613,iPhone 12 Screen Repair,Repair,250
P614,iPhone 12 Screen Repair,Repair,250
P615,iPhone 12 Screen Repair,Repair,250
P616,iPhone 12 Screen Repair,Repair,250
P617,iPhone 12 Screen Repair,Repair,250
P618,iPhone 12 Screen Repair,Repair,250
P619,iPhone 12 Screen Repair,Repair,250
P620,iPhone 12 Screen Repair,Repair,250
P621,iPhone 12 Screen Repair,Repair,250
P622,iPhone 12 Screen Repair,Repair,250
P623,iPhone 12 Screen Repair,Repair,250
P624,iPhone 12 Screen Repair,Repair,250
P625,iPhone 12 Screen Repair,Repair,250
P626,iPhone 12 Screen Repair,Repair,250
P627,iPhone 12 Screen Repair,Repair,250
P628,iPhone 12 Screen Repair,Repair,250
P629,iPhone 12 Screen Repair,Repair,250
P630,iPhone 12 Screen Repair,Repair,250
P631,iPhone 12 Screen Repair,Repair,250
P632,iPhone 12 Screen Repair,Repair,250
P633,iPhone 12 Screen Repair,Repair,250
P634,iPhone 12 Screen Repair,Repair,250
P635,iPhone 12 Screen Repair,Repair,250
P636,iPhone 12 Screen Repair,Repair,250
P637,iPhone 12 Screen Repair,Repair,250
P638,iPhone 12 Screen Repair,Repair,250
P639,iPhone 12 Screen Repair,Repair,250
P640,iPhone 12 Screen Repair,Repair,250
P641,iPhone 12 Screen Repair,Repair,250
P642,iPhone 12 Screen Repair,Repair,250
P643,iPhone 12 Screen Repair,Repair,250
P644,iPhone 12 Screen Repair,Repair,250
P645,iPhone 12 Screen Repair,Repair,250
P646,iPhone 12 Screen Repair,Repair,250
P647,iPhone 13 Screen Repair,Repair,300
P648,iPhone 13 Screen Repair,Repair,300
P649,iPhone 13 Screen Repair,Repair,300
P650,iPhone 13 Screen Repair,Repair,300
P651,iPhone 13 Screen Repair,Repair,300
P652,iPhone 13 Screen Repair,Repair,300
P653,iPhone 13 Screen Repair,Repair,300
P654,iPhone 13 Screen Repair,Repair,300
P655,iPhone 13 Screen Repair,Repair,300
P656,iPhone 13 Screen Repair,Repair,300
P657,iPhone 13 Screen Repair,Repair,300
P658,iPhone 13 Screen Repair,Repair,300
P659,iPhone 13 Screen Repair,Repair,300
P660,iPhone 13 Screen Repair,Repair,300
P661,iPhone 13 Screen Repair,Repair,300
P662,iPhone 13 Screen Repair,Repair,300
P663,iPhone 13 Screen Repair,Repair,300
P664,iPhone 13 Screen Repair,Repair,300
P665,iPhone 13 Screen Repair,Repair,300
P666,iPhone 13 Screen Repair,Repair,300
P667,iPhone 13 Screen Repair,Repair,300
P668,iPhone 13 Screen Repair,Repair,300
P669,iPhone 13 Screen Repair,Repair,300
P670,iPhone 13 Screen Repair,Repair,300
P671,iPhone 13 Screen Repair,Repair,300
P672,iPhone 13 Screen Repair,Repair,300
P673,iPhone 13 Screen Repair,Repair,300
P674,iPhone 13 Screen Repair,Repair,300
P675,iPhone 13 Screen Repair,Repair,300
P676,iPhone 13 Screen Repair,Repair,300
P677,iPhone 13 Screen Repair,Repair,300
P678,iPhone 13 Screen Repair,Repair,300
P679,iPhone 13 Screen Repair,Repair,300
P680,iPhone 13 Screen Repair,Repair,300
P681,iPhone 13 Screen Repair,Repair,300
P682,iPhone 13 Screen Repair,Repair,300
P683,iPhone 13 Screen Repair,Repair,300
P684,iPhone 13 Screen Repair,Repair,300
P685,iPhone 13 Screen Repair,Repair,300
P686,iPhone 13 Screen Repair,Repair,300
P687,iPhone 13 Screen Repair,Repair,300
P688,iPhone 13 Screen Repair,Repair,300
P689,iPhone 13 Screen Repair,Repair,300
P690,iPhone 13 Screen Repair,Repair,300
P691,iPhone 13 Screen Repair,Repair,300
P692,iPhone 13 Screen Repair,Repair,300
P693,iPhone 13 Screen Repair,Repair,300
P694,iPhone 13 Screen Repair,Repair,300
P695,iPhone 13 Screen Repair,Repair,300
P696,iPhone 13 Screen Repair,Repair,300
P697,iPhone 13 Screen Repair,Repair,300
P698,iPhone 13 Screen Repair,Repair,300
P699,iPhone 13 Screen Repair,Repair,300
P700,iPhone 13 Screen Repair,Repair,300
P701,iPhone 13 Screen Repair,Repair,300
P702,iPhone 13 Screen Repair,Repair,300
P703,iPhone 13 Screen Repair,Repair,300
P704,iPhone 13 Screen Repair,Repair,300
P705,iPhone 13 Screen Repair,Repair,300
P706,iPhone 13 Screen Repair,Repair,300
P707,iPhone 5  Battery,Repair,25
P708,iPhone 5  Battery,Repair,25
P709,iPhone 5  Battery,Repair,25
P710,iPhone 5  Battery,Repair,25
P711,iPhone 5  Battery,Repair,25
P712,iPhone 5  Battery,Repair,25
P713,iPhone 5c Battery,Repair,25
P714,iPhone 5c Battery,Repair,25
P715,iPhone 5c Battery,Repair,25
P716,iPhone 5c Battery,Repair,25
P717,iPhone 5c Battery,Repair,25
P718,iPhone 5c Battery,Repair,25
P719,iPhone 5c Battery,Repair,25
P720,iPhone 5c Battery,Repair,25
P721,iPhone 5c Battery,Repair,25
P722,iPhone 5c Battery,Repair,25
P723,iPhone 5c Battery,Repair,25
P724,iPhone 5c Battery,Repair,25
P725,iPhone 5c Battery,Repair,25
P726,iPhone 5c Battery,Repair,25
P727,iPhone 5c Battery,Repair,25
P728,iPhone 5s Battery,Repair,25
P729,iPhone 5s Battery,Repair,25
P730,iPhone 5s Battery,Repair,25
P731,iPhone 5s Battery,Repair,25
P732,iPhone 5s Battery,Repair,25
P733,iPhone 5s Battery,Repair,25
P734,iPhone 5s Battery,Repair,25
P735,iPhone 5s Battery,Repair,25
P736,iPhone 5s Battery,Repair,25
P737,iPhone 6  Battery,Repair,40
P738,iPhone 6  Battery,Repair,40
P739,iPhone 6  Battery,Repair,40
P740,iPhone 6  Battery,Repair,40
P741,iPhone 6  Battery,Repair,40
P742,iPhone 6  Battery,Repair,40
P743,iPhone 6  Battery,Repair,40
P744,iPhone 6  Battery,Repair,40
P745,iPhone 6  Battery,Repair,40
P746,iPhone 6  Battery,Repair,40
P747,iPhone 6  Battery,Repair,40
P748,iPhone 6  Battery,Repair,40
P749,iPhone 6  Battery,Repair,40
P750,iPhone 6  Battery,Repair,40
P751,iPhone 6  Battery,Repair,40
P752,iPhone 6  Battery,Repair,40
P753,iPhone 6  Battery,Repair,40
P754,iPhone 6  Battery,Repair,40
P755,iPhone 6s Battery,Repair,40
P756,iPhone 6s Battery,Repair,40
P757,iPhone 6s Battery,Repair,40
P758,iPhone 6s Battery,Repair,40
P759,iPhone 6s Battery,Repair,40
P760,iPhone 6s Battery,Repair,40
P761,iPhone 6s Battery,Repair,40
P762,iPhone 6s Battery,Repair,40
P763,iPhone 6s Battery,Repair,40
P764,iPhone 6s Battery,Repair,40
P765,iPhone 6s Battery,Repair,40
P766,iPhone 6s Battery,Repair,40
P767,iPhone 6s Battery,Repair,40
P768,iPhone 6s Battery,Repair,40
P769,iPhone 6s Battery,Repair,40
P770,iPhone 6s Battery,Repair,40
P771,iPhone 6s Battery,Repair,40
P772,iPhone 6s Battery,Repair,40
P773,iPhone 6s Battery,Repair,40
P774,iPhone 6s Battery,Repair,40
P775,iPhone 6s Battery,Repair,40
P776,iPhone 6s Battery,Repair,40
P777,iPhone 6s Battery,Repair,40
P778,iPhone 6s Battery,Repair,40
P779,iPhone SE Battery,Repair,60
P780,iPhone SE Battery,Repair,60
P781,iPhone SE Battery,Repair,60
P782,iPhone SE Battery,Repair,60
P783,iPhone SE Battery,Repair,60
P784,iPhone SE Battery,Repair,60
P785,iPhone SE Battery,Repair,60
P786,iPhone SE Battery,Repair,60
P787,iPhone SE Battery,Repair,60
P788,iPhone SE Battery,Repair,60
P789,iPhone SE Battery,Repair,60
P790,iPhone SE Battery,Repair,60
P791,iPhone SE Battery,Repair,60
P792,iPhone SE Battery,Repair,60
P793,iPhone SE Battery,Repair,60
P794,iPhone SE Battery,Repair,60
P795,iPhone 7  Battery,Repair,50
P796,iPhone 7  Battery,Repair,50
P797,iPhone 7  Battery,Repair,50
P798,iPhone 7  Battery,Repair,50
P799,iPhone 7  Battery,Repair,50
P800,iPhone 7  Battery,Repair,50
P801,iPhone 7  Battery,Repair,50
P802,iPhone 7  Battery,Repair,50
P803,iPhone 7  Battery,Repair,50
P804,iPhone 7  Battery,Repair,50
P805,iPhone 7  Battery,Repair,50
P806,iPhone 7  Battery,Repair,50
P807,iPhone 7  Battery,Repair,50
P808,iPhone 7  Battery,Repair,50
P809,iPhone 7  Battery,Repair,50
P810,iPhone 7  Battery,Repair,50
P811,iPhone 7  Battery,Repair,50
P812,iPhone 7  Battery,Repair,50
P813,iPhone 7  Battery,Repair,50
P814,iPhone 7  Battery,Repair,50
P815,iPhone 7  Battery,Repair,50
P816,iPhone 7  Battery,Repair,50
P817,iPhone 7  Battery,Repair,50
P818,iPhone 7  Battery,Repair,50
P819,iPhone 7  Battery,Repair,50
P820,iPhone 7  Battery,Repair,50
P821,iPhone 7  Battery,Repair,50
P822,iPhone 7  Battery,Repair,50
P823,iPhone 7  Battery,Repair,50
P824,iPhone 7  Battery,Repair,50
P825,iPhone 7  Battery,Repair,50
P826,iPhone 7  Battery,Repair,50
P827,iPhone 7  Battery,Repair,50
P828,iPhone 7  Battery,Repair,50
P829,iPhone 7  Battery,Repair,50
P830,iPhone 7  Battery,Repair,50
P831,iPhone 8  Battery,Repair,60
P832,iPhone 8  Battery,Repair,60
P833,iPhone 8  Battery,Repair,60
P834,iPhone 8  Battery,Repair,60
P835,iPhone 8  Battery,Repair,60
P836,iPhone 8  Battery,Repair,60
P837,iPhone 8  Battery,Repair,60
P838,iPhone 8  Battery,Repair,60
P839,iPhone 8  Battery,Repair,60
P840,iPhone 8  Battery,Repair,60
P841,iPhone 8  Battery,Repair,60
P842,iPhone 8  Battery,Repair,60
P843,iPhone 8  Battery,Repair,60
P844,iPhone 8  Battery,Repair,60
P845,iPhone 8  Battery,Repair,60
P846,iPhone 8  Battery,Repair,60
P847,iPhone 8  Battery,Repair,60
P848,iPhone 8  Battery,Repair,60
P849,iPhone X  Battery,Repair,65
P850,iPhone X  Battery,Repair,65
P851,iPhone X  Battery,Repair,65
P852,iPhone X  Battery,Repair,65
P853,iPhone XR Battery,Repair,65
P854,iPhone XR Battery,Repair,65
P855,iPhone XR Battery,Repair,65
P856,iPhone XR Battery,Repair,65
P857,iPhone XR Battery,Repair,65
P858,iPhone XR Battery,Repair,65
P859,iPhone XR Battery,Repair,65
P860,iPhone XR Battery,Repair,65
P861,iPhone XR Battery,Repair,65
P862,iPhone XR Battery,Repair,65
P863,iPhone XR Battery,Repair,65
P864,iPhone XR Battery,Repair,65
P865,iPhone XR Battery,Repair,65
P866,iPhone XR Battery,Repair,65
P867,iPhone XR Battery,Repair,65
P868,iPhone XR Battery,Repair,65
P869,iPhone XR Battery,Repair,65
P870,iPhone XR Battery,Repair,65
P871,iPhone XS Battery,Repair,70
P872,iPhone XS Battery,Repair,70
P873,iPhone XS Battery,Repair,70
P874,iPhone XS Battery,Repair,70
P875,iPhone XS Battery,Repair,70
P876,iPhone XS Battery,Repair,70
P877,iPhone XS Battery,Repair,70
P878,iPhone XS Battery,Repair,70
P879,iPhone XS Battery,Repair,70
P880,iPhone XS Battery,Repair,70
P881,iPhone XS Battery,Repair,70
P882,iPhone XS Battery,Repair,70
P883,iPhone XS Battery,Repair,70
P884,iPhone XS Battery,Repair,70
P885,iPhone XS Battery,Repair,70
P886,iPhone XS Battery,Repair,70
P887,iPhone XS Battery,Repair,70
P888,iPhone XS Battery,Repair,70
P889,iPhone 11 Battery,Repair,100
P890,iPhone 11 Battery,Repair,100
P891,iPhone 11 Battery,Repair,100
P892,iPhone 11 Battery,Repair,100
P893,iPhone 11 Battery,Repair,100
P894,iPhone 11 Battery,Repair,100
P895,iPhone 11 Battery,Repair,100
P896,iPhone 11 Battery,Repair,100
P897,iPhone 11 Battery,Repair,100
P898,iPhone 11 Battery,Repair,100
P899,iPhone 11 Battery,Repair,100
P900,iPhone 11 Battery,Repair,100
P901,iPhone 11 Battery,Repair,100
P902,iPhone 11 Battery,Repair,100
P903,iPhone 11 Battery,Repair,100
P904,iPhone 11 Battery,Repair,100
P905,iPhone 11 Battery,Repair,100
P906,iPhone 11 Battery,Repair,100
P907,iPhone 11 Battery,Repair,100
P908,iPhone 11 Battery,Repair,100
P909,iPhone 11 Battery,Repair,100
P910,iPhone 11 Battery,Repair,100
P911,iPhone 11 Battery,Repair,100
P912,iPhone 11 Battery,Repair,100
P913,iPhone 11 Battery,Repair,100
P914,iPhone 11 Battery,Repair,100
P915,iPhone 11 Battery,Repair,100
P916,iPhone 11 Battery,Repair,100
P917,iPhone 11 Battery,Repair,100
P918,iPhone 11 Battery,Repair,100
P919,iPhone 11 Battery,Repair,100
P920,iPhone 11 Battery,Repair,100
P921,iPhone 11 Battery,Repair,100
P922,iPhone 11 Battery,Repair,100
P923,iPhone 11 Battery,Repair,100
P924,iPhone 11 Battery,Repair,100
P925,iPhone 11 Battery,Repair,100
P926,iPhone 11 Battery,Repair,100
P927,iPhone 11 Battery,Repair,100
P928,iPhone 11 Battery,Repair,100
P929,iPhone 11 Battery,Repair,100
P930,iPhone 11 Battery,Repair,100
P931,iPhone SE Battery,Repair,60
P932,iPhone SE Battery,Repair,60
P933,iPhone SE Battery,Repair,60
P934,iPhone SE Battery,Repair,60
P935,iPhone SE Battery,Repair,60
P936,iPhone SE Battery,Repair,60
P937,iPhone SE Battery,Repair,60
P938,iPhone SE Battery,Repair,60
P939,iPhone SE Battery,Repair,60
P940,iPhone 12 Battery,Repair,100
P941,iPhone 12 Battery,Repair,100
P942,iPhone 12 Battery,Repair,100
P943,iPhone 12 Battery,Repair,100
P944,iPhone 12 Battery,Repair,100
P945,iPhone 12 Battery,Repair,100
P946,iPhone 12 Battery,Repair,100
P947,iPhone 12 Battery,Repair,100
P948,iPhone 12 Battery,Repair,100
P949,iPhone 12 Battery,Repair,100
P950,iPhone 12 Battery,Repair,100
P951,iPhone 12 Battery,Repair,100
P952,iPhone 12 Battery,Repair,100
P953,iPhone 12 Battery,Repair,100
P954,iPhone 12 Battery,Repair,100
P955,iPhone 12 Battery,Repair,100
P956,iPhone 12 Battery,Repair,100
P957,iPhone 12 Battery,Repair,100
P958,iPhone 12 Battery,Repair,100
P959,iPhone 12 Battery,Repair,100
P960,iPhone 12 Battery,Repair,100
P961,iPhone 12 Battery,Repair,100
P962,iPhone 12 Battery,Repair,100
P963,iPhone 12 Battery,Repair,100
P964,iPhone 12 Battery,Repair,100
P965,iPhone 12 Battery,Repair,100
P966,iPhone 12 Battery,Repair,100
P967,iPhone 12 Battery,Repair,100
P968,iPhone 12 Battery,Repair,100
P969,iPhone 12 Battery,Repair,100
P970,iPhone 12 Battery,Repair,100
P971,iPhone 12 Battery,Repair,100
P972,iPhone 12 Battery,Repair,100
P973,iPhone 12 Battery,Repair,100
P974,iPhone 12 Battery,Repair,100
P975,iPhone 12 Battery,Repair,100
P976,iPhone 12 Battery,Repair,100
P977,iPhone 12 Battery,Repair,100
P978,iPhone 12 Battery,Repair,100
P979,iPhone 12 Battery,Repair,100
P980,iPhone 12 Battery,Repair,100
P981,iPhone 12 Battery,Repair,100
P982,iPhone 12 Battery,Repair,100
P983,iPhone 12 Battery,Repair,100
P984,iPhone 12 Battery,Repair,100
P985,iPhone 12 Battery,Repair,100
P986,iPhone 12 Battery,Repair,100
P987,iPhone 12 Battery,Repair,100
P988,iPhone 12 Battery,Repair,100
P989,iPhone 12 Battery,Repair,100
P990,iPhone 12 Battery,Repair,100
P991,iPhone 12 Battery,Repair,100
P992,iPhone 12 Battery,Repair,100
P993,iPhone 12 Battery,Repair,100
P994,iPhone 12 Battery,Repair,100
P995,iPhone 12 Battery,Repair,100
P996,iPhone 12 Battery,Repair,100
P997,iPhone 12 Battery,Repair,100
P998,iPhone 12 Battery,Repair,100
P999,iPhone 12 Battery,Repair,100
P1000,iPhone 13 Battery,Repair,130
P1001,iPhone 13 Battery,Repair,130
P1002,iPhone 13 Battery,Repair,130
P1003,iPhone 13 Battery,Repair,130
P1004,iPhone 13 Battery,Repair,130
P1005,iPhone 13 Battery,Repair,130
P1006,iPhone 13 Battery,Repair,130
P1007,iPhone 13 Battery,Repair,130
P1008,iPhone 13 Battery,Repair,130
P1009,iPhone 13 Battery,Repair,130
P1010,iPhone 13 Battery,Repair,130
P1011,iPhone 13 Battery,Repair,130
P1012,iPhone 13 Battery,Repair,130
P1013,iPhone 13 Battery,Repair,130
P1014,iPhone 13 Battery,Repair,130
P1015,iPhone 13 Battery,Repair,130
P1016,iPhone 13 Battery,Repair,130
P1017,iPhone 13 Battery,Repair,130
P1018,iPhone 13 Battery,Repair,130
P1019,iPhone 13 Battery,Repair,130
P1020,iPhone 13 Battery,Repair,130
P1021,iPhone 13 Battery,Repair,130
P1022,iPhone 13 Battery,Repair,130
P1023,iPhone 13 Battery,Repair,130
P1024,iPhone 13 Battery,Repair,130
P1025,iPhone 13 Battery,Repair,130
P1026,iPhone 13 Battery,Repair,130
P1027,iPhone 13 Battery,Repair,130
P1028,iPhone 13 Battery,Repair,130
P1029,iPhone 13 Battery,Repair,130
P1030,iPhone 13 Battery,Repair,130
P1031,iPhone 13 Battery,Repair,130
P1032,iPhone 13 Battery,Repair,130
P1033,iPhone 13 Battery,Repair,130
P1034,iPhone 13 Battery,Repair,130
P1035,iPhone 13 Battery,Repair,130
P1036,iPhone 13 Battery,Repair,130
P1037,iPhone 13 Battery,Repair,130
P1038,iPhone 13 Battery,Repair,130
P1039,iPhone 13 Battery,Repair,130
P1040,iPhone 13 Battery,Repair,130
P1041,iPhone 13 Battery,Repair,130
P1042,iPhone 13 Battery,Repair,130
P1043,iPhone 13 Battery,Repair,130
P1044,iPhone 13 Battery,Repair,130
P1045,iPhone 13 Battery,Repair,130
P1046,iPhone 13 Battery,Repair,130
P1047,iPhone 13 Battery,Repair,130
P1048,iPhone 13 Battery,Repair,130
P1049,iPhone 13 Battery,Repair,130
P1050,iPhone 13 Battery,Repair,130
P1051,iPhone 13 Battery,Repair,130
P1052,iPhone 13 Battery,Repair,130
P1053,iPhone 13 Battery,Repair,130
P1054,iPhone 13 Battery,Repair,130
P1055,iPhone 13 Battery,Repair,130
P1056,iPhone 13 Battery,Repair,130
P1057,iPhone 13 Battery,Repair,130
P1058,iPhone 13 Battery,Repair,130
P1059,iPhone 13 Battery,Repair,130
P1060,iPhone 5  Internal Repair,Repair,50
P1061,iPhone 5  Internal Repair,Repair,50
P1062,iPhone 5  Internal Repair,Repair,50
P1063,iPhone 5  Internal Repair,Repair,50
P1064,iPhone 5  Internal Repair,Repair,50
P1065,iPhone 5  Internal Repair,Repair,50
P1066,iPhone 5c Internal Repair,Repair,50
P1067,iPhone 5c Internal Repair,Repair,50
P1068,iPhone 5c Internal Repair,Repair,50
P1069,iPhone 5c Internal Repair,Repair,50
P1070,iPhone 5c Internal Repair,Repair,50
P1071,iPhone 5c Internal Repair,Repair,50
P1072,iPhone 5c Internal Repair,Repair,50
P1073,iPhone 5c Internal Repair,Repair,50
P1074,iPhone 5c Internal Repair,Repair,50
P1075,iPhone 5c Internal Repair,Repair,50
P1076,iPhone 5c Internal Repair,Repair,50
P1077,iPhone 5c Internal Repair,Repair,50
P1078,iPhone 5c Internal Repair,Repair,50
P1079,iPhone 5c Internal Repair,Repair,50
P1080,iPhone 5c Internal Repair,Repair,50
P1081,iPhone 5s Internal Repair,Repair,50
P1082,iPhone 5s Internal Repair,Repair,50
P1083,iPhone 5s Internal Repair,Repair,50
P1084,iPhone 5s Internal Repair,Repair,50
P1085,iPhone 5s Internal Repair,Repair,50
P1086,iPhone 5s Internal Repair,Repair,50
P1087,iPhone 5s Internal Repair,Repair,50
P1088,iPhone 5s Internal Repair,Repair,50
P1089,iPhone 5s Internal Repair,Repair,50
P1090,iPhone 6  Internal Repair,Repair,75
P1091,iPhone 6  Internal Repair,Repair,75
P1092,iPhone 6  Internal Repair,Repair,75
P1093,iPhone 6  Internal Repair,Repair,75
P1094,iPhone 6  Internal Repair,Repair,75
P1095,iPhone 6  Internal Repair,Repair,75
P1096,iPhone 6  Internal Repair,Repair,75
P1097,iPhone 6  Internal Repair,Repair,75
P1098,iPhone 6  Internal Repair,Repair,75
P1099,iPhone 6  Internal Repair,Repair,75
P1100,iPhone 6  Internal Repair,Repair,75
P1101,iPhone 6  Internal Repair,Repair,75
P1102,iPhone 6  Internal Repair,Repair,75
P1103,iPhone 6  Internal Repair,Repair,75
P1104,iPhone 6  Internal Repair,Repair,75
P1105,iPhone 6  Internal Repair,Repair,75
P1106,iPhone 6  Internal Repair,Repair,75
P1107,iPhone 6  Internal Repair,Repair,75
P1108,iPhone 6s Internal Repair,Repair,75
P1109,iPhone 6s Internal Repair,Repair,75
P1110,iPhone 6s Internal Repair,Repair,75
P1111,iPhone 6s Internal Repair,Repair,75
P1112,iPhone 6s Internal Repair,Repair,75
P1113,iPhone 6s Internal Repair,Repair,75
P1114,iPhone 6s Internal Repair,Repair,75
P1115,iPhone 6s Internal Repair,Repair,75
P1116,iPhone 6s Internal Repair,Repair,75
P1117,iPhone 6s Internal Repair,Repair,75
P1118,iPhone 6s Internal Repair,Repair,75
P1119,iPhone 6s Internal Repair,Repair,75
P1120,iPhone 6s Internal Repair,Repair,75
P1121,iPhone 6s Internal Repair,Repair,75
P1122,iPhone 6s Internal Repair,Repair,75
P1123,iPhone 6s Internal Repair,Repair,75
P1124,iPhone 6s Internal Repair,Repair,75
P1125,iPhone 6s Internal Repair,Repair,75
P1126,iPhone 6s Internal Repair,Repair,75
P1127,iPhone 6s Internal Repair,Repair,75
P1128,iPhone 6s Internal Repair,Repair,75
P1129,iPhone 6s Internal Repair,Repair,75
P1130,iPhone 6s Internal Repair,Repair,75
P1131,iPhone 6s Internal Repair,Repair,75
P1132,iPhone SE Internal Repair,Repair,110
P1133,iPhone SE Internal Repair,Repair,110
P1134,iPhone SE Internal Repair,Repair,110
P1135,iPhone SE Internal Repair,Repair,110
P1136,iPhone SE Internal Repair,Repair,110
P1137,iPhone SE Internal Repair,Repair,110
P1138,iPhone SE Internal Repair,Repair,110
P1139,iPhone SE Internal Repair,Repair,110
P1140,iPhone SE Internal Repair,Repair,110
P1141,iPhone SE Internal Repair,Repair,110
P1142,iPhone SE Internal Repair,Repair,110
P1143,iPhone SE Internal Repair,Repair,110
P1144,iPhone SE Internal Repair,Repair,110
P1145,iPhone SE Internal Repair,Repair,110
P1146,iPhone SE Internal Repair,Repair,110
P1147,iPhone SE Internal Repair,Repair,110
P1148,iPhone 7  Internal Repair,Repair,90
P1149,iPhone 7  Internal Repair,Repair,90
P1150,iPhone 7  Internal Repair,Repair,90
P1151,iPhone 7  Internal Repair,Repair,90
P1152,iPhone 7  Internal Repair,Repair,90
P1153,iPhone 7  Internal Repair,Repair,90
P1154,iPhone 7  Internal Repair,Repair,90
P1155,iPhone 7  Internal Repair,Repair,90
P1156,iPhone 7  Internal Repair,Repair,90
P1157,iPhone 7  Internal Repair,Repair,90
P1158,iPhone 7  Internal Repair,Repair,90
P1159,iPhone 7  Internal Repair,Repair,90
P1160,iPhone 7  Internal Repair,Repair,90
P1161,iPhone 7  Internal Repair,Repair,90
P1162,iPhone 7  Internal Repair,Repair,90
P1163,iPhone 7  Internal Repair,Repair,90
P1164,iPhone 7  Internal Repair,Repair,90
P1165,iPhone 7  Internal Repair,Repair,90
P1166,iPhone 7  Internal Repair,Repair,90
P1167,iPhone 7  Internal Repair,Repair,90
P1168,iPhone 7  Internal Repair,Repair,90
P1169,iPhone 7  Internal Repair,Repair,90
P1170,iPhone 7  Internal Repair,Repair,90
P1171,iPhone 7  Internal Repair,Repair,90
P1172,iPhone 7  Internal Repair,Repair,90
P1173,iPhone 7  Internal Repair,Repair,90
P1174,iPhone 7  Internal Repair,Repair,90
P1175,iPhone 7  Internal Repair,Repair,90
P1176,iPhone 7  Internal Repair,Repair,90
P1177,iPhone 7  Internal Repair,Repair,90
P1178,iPhone 7  Internal Repair,Repair,90
P1179,iPhone 7  Internal Repair,Repair,90
P1180,iPhone 7  Internal Repair,Repair,90
P1181,iPhone 7  Internal Repair,Repair,90
P1182,iPhone 7  Internal Repair,Repair,90
P1183,iPhone 7  Internal Repair,Repair,90
P1184,iPhone 8  Internal Repair,Repair,100
P1185,iPhone 8  Internal Repair,Repair,100
P1186,iPhone 8  Internal Repair,Repair,100
P1187,iPhone 8  Internal Repair,Repair,100
P1188,iPhone 8  Internal Repair,Repair,100
P1189,iPhone 8  Internal Repair,Repair,100
P1190,iPhone 8  Internal Repair,Repair,100
P1191,iPhone 8  Internal Repair,Repair,100
P1192,iPhone 8  Internal Repair,Repair,100
P1193,iPhone 8  Internal Repair,Repair,100
P1194,iPhone 8  Internal Repair,Repair,100
P1195,iPhone 8  Internal Repair,Repair,100
P1196,iPhone 8  Internal Repair,Repair,100
P1197,iPhone 8  Internal Repair,Repair,100
P1198,iPhone 8  Internal Repair,Repair,100
P1199,iPhone 8  Internal Repair,Repair,100
P1200,iPhone 8  Internal Repair,Repair,100
P1201,iPhone 8  Internal Repair,Repair,100
P1202,iPhone X  Internal Repair,Repair,120
P1203,iPhone X  Internal Repair,Repair,120
P1204,iPhone X  Internal Repair,Repair,120
P1205,iPhone X  Internal Repair,Repair,120
P1206,iPhone XR Internal Repair,Repair,140
P1207,iPhone XR Internal Repair,Repair,140
P1208,iPhone XR Internal Repair,Repair,140
P1209,iPhone XR Internal Repair,Repair,140
P1210,iPhone XR Internal Repair,Repair,140
P1211,iPhone XR Internal Repair,Repair,140
P1212,iPhone XR Internal Repair,Repair,140
P1213,iPhone XR Internal Repair,Repair,140
P1214,iPhone XR Internal Repair,Repair,140
P1215,iPhone XR Internal Repair,Repair,140
P1216,iPhone XR Internal Repair,Repair,140
P1217,iPhone XR Internal Repair,Repair,140
P1218,iPhone XR Internal Repair,Repair,140
P1219,iPhone XR Internal Repair,Repair,140
P1220,iPhone XR Internal Repair,Repair,140
P1221,iPhone XR Internal Repair,Repair,140
P1222,iPhone XR Internal Repair,Repair,140
P1223,iPhone XR Internal Repair,Repair,140
P1224,iPhone XS Internal Repair,Repair,150
P1225,iPhone XS Internal Repair,Repair,150
P1226,iPhone XS Internal Repair,Repair,150
P1227,iPhone XS Internal Repair,Repair,150
P1228,iPhone XS Internal Repair,Repair,150
P1229,iPhone XS Internal Repair,Repair,150
P1230,iPhone XS Internal Repair,Repair,150
P1231,iPhone XS Internal Repair,Repair,150
P1232,iPhone XS Internal Repair,Repair,150
P1233,iPhone XS Internal Repair,Repair,150
P1234,iPhone XS Internal Repair,Repair,150
P1235,iPhone XS Internal Repair,Repair,150
P1236,iPhone XS Internal Repair,Repair,150
P1237,iPhone XS Internal Repair,Repair,150
P1238,iPhone XS Internal Repair,Repair,150
P1239,iPhone XS Internal Repair,Repair,150
P1240,iPhone XS Internal Repair,Repair,150
P1241,iPhone XS Internal Repair,Repair,150
P1242,iPhone 11 Internal Repair,Repair,150
P1243,iPhone 11 Internal Repair,Repair,150
P1244,iPhone 11 Internal Repair,Repair,150
P1245,iPhone 11 Internal Repair,Repair,150
P1246,iPhone 11 Internal Repair,Repair,150
P1247,iPhone 11 Internal Repair,Repair,150
P1248,iPhone 11 Internal Repair,Repair,150
P1249,iPhone 11 Internal Repair,Repair,150
P1250,iPhone 11 Internal Repair,Repair,150
P1251,iPhone 11 Internal Repair,Repair,150
P1252,iPhone 11 Internal Repair,Repair,150
P1253,iPhone 11 Internal Repair,Repair,150
P1254,iPhone 11 Internal Repair,Repair,150
P1255,iPhone 11 Internal Repair,Repair,150
P1256,iPhone 11 Internal Repair,Repair,150
P1257,iPhone 11 Internal Repair,Repair,150
P1258,iPhone 11 Internal Repair,Repair,150
P1259,iPhone 11 Internal Repair,Repair,150
P1260,iPhone 11 Internal Repair,Repair,150
P1261,iPhone 11 Internal Repair,Repair,150
P1262,iPhone 11 Internal Repair,Repair,150
P1263,iPhone 11 Internal Repair,Repair,150
P1264,iPhone 11 Internal Repair,Repair,150
P1265,iPhone 11 Internal Repair,Repair,150
P1266,iPhone 11 Internal Repair,Repair,150
P1267,iPhone 11 Internal Repair,Repair,150
P1268,iPhone 11 Internal Repair,Repair,150
P1269,iPhone 11 Internal Repair,Repair,150
P1270,iPhone 11 Internal Repair,Repair,150
P1271,iPhone 11 Internal Repair,Repair,150
P1272,iPhone 11 Internal Repair,Repair,150
P1273,iPhone 11 Internal Repair,Repair,150
P1274,iPhone 11 Internal Repair,Repair,150
P1275,iPhone 11 Internal Repair,Repair,150
P1276,iPhone 11 Internal Repair,Repair,150
P1277,iPhone 11 Internal Repair,Repair,150
P1278,iPhone 11 Internal Repair,Repair,150
P1279,iPhone 11 Internal Repair,Repair,150
P1280,iPhone 11 Internal Repair,Repair,150
P1281,iPhone 11 Internal Repair,Repair,150
P1282,iPhone 11 Internal Repair,Repair,150
P1283,iPhone 11 Internal Repair,Repair,150
P1284,iPhone SE Internal Repair,Repair,110
P1285,iPhone SE Internal Repair,Repair,110
P1286,iPhone SE Internal Repair,Repair,110
P1287,iPhone SE Internal Repair,Repair,110
P1288,iPhone SE Internal Repair,Repair,110
P1289,iPhone SE Internal Repair,Repair,110
P1290,iPhone SE Internal Repair,Repair,110
P1291,iPhone SE Internal Repair,Repair,110
P1292,iPhone SE Internal Repair,Repair,110
P1293,iPhone 12 Internal Repair,Repair,190
P1294,iPhone 12 Internal Repair,Repair,190
P1295,iPhone 12 Internal Repair,Repair,190
P1296,iPhone 12 Internal Repair,Repair,190
P1297,iPhone 12 Internal Repair,Repair,190
P1298,iPhone 12 Internal Repair,Repair,190
P1299,iPhone 12 Internal Repair,Repair,190
P1300,iPhone 12 Internal Repair,Repair,190
P1301,iPhone 12 Internal Repair,Repair,190
P1302,iPhone 12 Internal Repair,Repair,190
P1303,iPhone 12 Internal Repair,Repair,190
P1304,iPhone 12 Internal Repair,Repair,190
P1305,iPhone 12 Internal Repair,Repair,190
P1306,iPhone 12 Internal Repair,Repair,190
P1307,iPhone 12 Internal Repair,Repair,190
P1308,iPhone 12 Internal Repair,Repair,190
P1309,iPhone 12 Internal Repair,Repair,190
P1310,iPhone 12 Internal Repair,Repair,190
P1311,iPhone 12 Internal Repair,Repair,190
P1312,iPhone 12 Internal Repair,Repair,190
P1313,iPhone 12 Internal Repair,Repair,190
P1314,iPhone 12 Internal Repair,Repair,190
P1315,iPhone 12 Internal Repair,Repair,190
P1316,iPhone 12 Internal Repair,Repair,190
P1317,iPhone 12 Internal Repair,Repair,190
P1318,iPhone 12 Internal Repair,Repair,190
P1319,iPhone 12 Internal Repair,Repair,190
P1320,iPhone 12 Internal Repair,Repair,190
P1321,iPhone 12 Internal Repair,Repair,190
P1322,iPhone 12 Internal Repair,Repair,190
P1323,iPhone 12 Internal Repair,Repair,190
P1324,iPhone 12 Internal Repair,Repair,190
P1325,iPhone 12 Internal Repair,Repair,190
P1326,iPhone 12 Internal Repair,Repair,190
P1327,iPhone 12 Internal Repair,Repair,190
P1328,iPhone 12 Internal Repair,Repair,190
P1329,iPhone 12 Internal Repair,Repair,190
P1330,iPhone 12 Internal Repair,Repair,190
P1331,iPhone 12 Internal Repair,Repair,190
P1332,iPhone 12 Internal Repair,Repair,190
P1333,iPhone 12 Internal Repair,Repair,190
P1334,iPhone 12 Internal Repair,Repair,190
P1335,iPhone 12 Internal Repair,Repair,190
P1336,iPhone 12 Internal Repair,Repair,190
P1337,iPhone 12 Internal Repair,Repair,190
P1338,iPhone 12 Internal Repair,Repair,190
P1339,iPhone 12 Internal Repair,Repair,190
P1340,iPhone 12 Internal Repair,Repair,190
P1341,iPhone 12 Internal Repair,Repair,190
P1342,iPhone 12 Internal Repair,Repair,190
P1343,iPhone 12 Internal Repair,Repair,190
P1344,iPhone 12 Internal Repair,Repair,190
P1345,iPhone 12 Internal Repair,Repair,190
P1346,iPhone 12 Internal Repair,Repair,190
P1347,iPhone 12 Internal Repair,Repair,190
P1348,iPhone 12 Internal Repair,Repair,190
P1349,iPhone 12 Internal Repair,Repair,190
P1350,iPhone 12 Internal Repair,Repair,190
P1351,iPhone 12 Internal Repair,Repair,190
P1352,iPhone 12 Internal Repair,Repair,190
P1353,iPhone 13 Internal Repair,Repair,200
P1354,iPhone 13 Internal Repair,Repair,200
P1355,iPhone 13 Internal Repair,Repair,200
P1356,iPhone 13 Internal Repair,Repair,200
P1357,iPhone 13 Internal Repair,Repair,200
P1358,iPhone 13 Internal Repair,Repair,200
P1359,iPhone 13 Internal Repair,Repair,200
P1360,iPhone 13 Internal Repair,Repair,200
P1361,iPhone 13 Internal Repair,Repair,200
P1362,iPhone 13 Internal Repair,Repair,200
P1363,iPhone 13 Internal Repair,Repair,200
P1364,iPhone 13 Internal Repair,Repair,200
P1365,iPhone 13 Internal Repair,Repair,200
P1366,iPhone 13 Internal Repair,Repair,200
P1367,iPhone 13 Internal Repair,Repair,200
P1368,iPhone 13 Internal Repair,Repair,200
P1369,iPhone 13 Internal Repair,Repair,200
P1370,iPhone 13 Internal Repair,Repair,200
P1371,iPhone 13 Internal Repair,Repair,200
P1372,iPhone 13 Internal Repair,Repair,200
P1373,iPhone 13 Internal Repair,Repair,200
P1374,iPhone 13 Internal Repair,Repair,200
P1375,iPhone 13 Internal Repair,Repair,200
P1376,iPhone 13 Internal Repair,Repair,200
P1377,iPhone 13 Internal Repair,Repair,200
P1378,iPhone 13 Internal Repair,Repair,200
P1379,iPhone 13 Internal Repair,Repair,200
P1380,iPhone 13 Internal Repair,Repair,200
P1381,iPhone 13 Internal Repair,Repair,200
P1382,iPhone 13 Internal Repair,Repair,200
P1383,iPhone 13 Internal Repair,Repair,200
P1384,iPhone 13 Internal Repair,Repair,200
P1385,iPhone 13 Internal Repair,Repair,200
P1386,iPhone 13 Internal Repair,Repair,200
P1387,iPhone 13 Internal Repair,Repair,200
P1388,iPhone 13 Internal Repair,Repair,200
P1389,iPhone 13 Internal Repair,Repair,200
P1390,iPhone 13 Internal Repair,Repair,200
P1391,iPhone 13 Internal Repair,Repair,200
P1392,iPhone 13 Internal Repair,Repair,200
P1393,iPhone 13 Internal Repair,Repair,200
P1394,iPhone 13 Internal Repair,Repair,200
P1395,iPhone 13 Internal Repair,Repair,200
P1396,iPhone 13 Internal Repair,Repair,200
P1397,iPhone 13 Internal Repair,Repair,200
P1398,iPhone 13 Internal Repair,Repair,200
P1399,iPhone 13 Internal Repair,Repair,200
P1400,iPhone 13 Internal Repair,Repair,200
P1401,iPhone 13 Internal Repair,Repair,200
P1402,iPhone 13 Internal Repair,Repair,200
P1403,iPhone 13 Internal Repair,Repair,200
P1404,iPhone 13 Internal Repair,Repair,200
P1405,iPhone 13 Internal Repair,Repair,200
P1406,iPhone 13 Internal Repair,Repair,200
P1407,iPhone 13 Internal Repair,Repair,200
P1408,iPhone 13 Internal Repair,Repair,200
P1409,iPhone 13 Internal Repair,Repair,200
P1410,iPhone 13 Internal Repair,Repair,200
P1411,iPhone 13 Internal Repair,Repair,200
P1412,iPhone 13 Internal Repair,Repair,200
P1413,iPhone 5  Camera Repair,Repair,50
P1414,iPhone 5  Camera Repair,Repair,50
P1415,iPhone 5  Camera Repair,Repair,50
P1416,iPhone 5  Camera Repair,Repair,50
P1417,iPhone 5  Camera Repair,Repair,50
P1418,iPhone 5  Camera Repair,Repair,50
P1419,iPhone 5c Camera Repair,Repair,50
P1420,iPhone 5c Camera Repair,Repair,50
P1421,iPhone 5c Camera Repair,Repair,50
P1422,iPhone 5c Camera Repair,Repair,50
P1423,iPhone 5c Camera Repair,Repair,50
P1424,iPhone 5c Camera Repair,Repair,50
P1425,iPhone 5c Camera Repair,Repair,50
P1426,iPhone 5c Camera Repair,Repair,50
P1427,iPhone 5c Camera Repair,Repair,50
P1428,iPhone 5c Camera Repair,Repair,50
P1429,iPhone 5c Camera Repair,Repair,50
P1430,iPhone 5c Camera Repair,Repair,50
P1431,iPhone 5c Camera Repair,Repair,50
P1432,iPhone 5c Camera Repair,Repair,50
P1433,iPhone 5c Camera Repair,Repair,50
P1434,iPhone 5s Camera Repair,Repair,50
P1435,iPhone 5s Camera Repair,Repair,50
P1436,iPhone 5s Camera Repair,Repair,50
P1437,iPhone 5s Camera Repair,Repair,50
P1438,iPhone 5s Camera Repair,Repair,50
P1439,iPhone 5s Camera Repair,Repair,50
P1440,iPhone 5s Camera Repair,Repair,50
P1441,iPhone 5s Camera Repair,Repair,50
P1442,iPhone 5s Camera Repair,Repair,50
P1443,iPhone 6  Camera Repair,Repair,70
P1444,iPhone 6  Camera Repair,Repair,70
P1445,iPhone 6  Camera Repair,Repair,70
P1446,iPhone 6  Camera Repair,Repair,70
P1447,iPhone 6  Camera Repair,Repair,70
P1448,iPhone 6  Camera Repair,Repair,70
P1449,iPhone 6  Camera Repair,Repair,70
P1450,iPhone 6  Camera Repair,Repair,70
P1451,iPhone 6  Camera Repair,Repair,70
P1452,iPhone 6  Camera Repair,Repair,70
P1453,iPhone 6  Camera Repair,Repair,70
P1454,iPhone 6  Camera Repair,Repair,70
P1455,iPhone 6  Camera Repair,Repair,70
P1456,iPhone 6  Camera Repair,Repair,70
P1457,iPhone 6  Camera Repair,Repair,70
P1458,iPhone 6  Camera Repair,Repair,70
P1459,iPhone 6  Camera Repair,Repair,70
P1460,iPhone 6  Camera Repair,Repair,70
P1461,iPhone 6s Camera Repair,Repair,70
P1462,iPhone 6s Camera Repair,Repair,70
P1463,iPhone 6s Camera Repair,Repair,70
P1464,iPhone 6s Camera Repair,Repair,70
P1465,iPhone 6s Camera Repair,Repair,70
P1466,iPhone 6s Camera Repair,Repair,70
P1467,iPhone 6s Camera Repair,Repair,70
P1468,iPhone 6s Camera Repair,Repair,70
P1469,iPhone 6s Camera Repair,Repair,70
P1470,iPhone 6s Camera Repair,Repair,70
P1471,iPhone 6s Camera Repair,Repair,70
P1472,iPhone 6s Camera Repair,Repair,70
P1473,iPhone 6s Camera Repair,Repair,70
P1474,iPhone 6s Camera Repair,Repair,70
P1475,iPhone 6s Camera Repair,Repair,70
P1476,iPhone 6s Camera Repair,Repair,70
P1477,iPhone 6s Camera Repair,Repair,70
P1478,iPhone 6s Camera Repair,Repair,70
P1479,iPhone 6s Camera Repair,Repair,70
P1480,iPhone 6s Camera Repair,Repair,70
P1481,iPhone 6s Camera Repair,Repair,70
P1482,iPhone 6s Camera Repair,Repair,70
P1483,iPhone 6s Camera Repair,Repair,70
P1484,iPhone 6s Camera Repair,Repair,70
P1485,iPhone SE Camera Repair,Repair,100
P1486,iPhone SE Camera Repair,Repair,100
P1487,iPhone SE Camera Repair,Repair,100
P1488,iPhone SE Camera Repair,Repair,100
P1489,iPhone SE Camera Repair,Repair,100
P1490,iPhone SE Camera Repair,Repair,100
P1491,iPhone SE Camera Repair,Repair,100
P1492,iPhone SE Camera Repair,Repair,100
P1493,iPhone SE Camera Repair,Repair,100
P1494,iPhone SE Camera Repair,Repair,100
P1495,iPhone SE Camera Repair,Repair,100
P1496,iPhone SE Camera Repair,Repair,100
P1497,iPhone SE Camera Repair,Repair,100
P1498,iPhone SE Camera Repair,Repair,100
P1499,iPhone SE Camera Repair,Repair,100
P1500,iPhone SE Camera Repair,Repair,100
P1501,iPhone 7  Camera Repair,Repair,90
P1502,iPhone 7  Camera Repair,Repair,90
P1503,iPhone 7  Camera Repair,Repair,90
P1504,iPhone 7  Camera Repair,Repair,90
P1505,iPhone 7  Camera Repair,Repair,90
P1506,iPhone 7  Camera Repair,Repair,90
P1507,iPhone 7  Camera Repair,Repair,90
P1508,iPhone 7  Camera Repair,Repair,90
P1509,iPhone 7  Camera Repair,Repair,90
P1510,iPhone 7  Camera Repair,Repair,90
P1511,iPhone 7  Camera Repair,Repair,90
P1512,iPhone 7  Camera Repair,Repair,90
P1513,iPhone 7  Camera Repair,Repair,90
P1514,iPhone 7  Camera Repair,Repair,90
P1515,iPhone 7  Camera Repair,Repair,90
P1516,iPhone 7  Camera Repair,Repair,90
P1517,iPhone 7  Camera Repair,Repair,90
P1518,iPhone 7  Camera Repair,Repair,90
P1519,iPhone 7  Camera Repair,Repair,90
P1520,iPhone 7  Camera Repair,Repair,90
P1521,iPhone 7  Camera Repair,Repair,90
P1522,iPhone 7  Camera Repair,Repair,90
P1523,iPhone 7  Camera Repair,Repair,90
P1524,iPhone 7  Camera Repair,Repair,90
P1525,iPhone 7  Camera Repair,Repair,90
P1526,iPhone 7  Camera Repair,Repair,90
P1527,iPhone 7  Camera Repair,Repair,90
P1528,iPhone 7  Camera Repair,Repair,90
P1529,iPhone 7  Camera Repair,Repair,90
P1530,iPhone 7  Camera Repair,Repair,90
P1531,iPhone 7  Camera Repair,Repair,90
P1532,iPhone 7  Camera Repair,Repair,90
P1533,iPhone 7  Camera Repair,Repair,90
P1534,iPhone 7  Camera Repair,Repair,90
P1535,iPhone 7  Camera Repair,Repair,90
P1536,iPhone 7  Camera Repair,Repair,90
P1537,iPhone 8  Camera Repair,Repair,100
P1538,iPhone 8  Camera Repair,Repair,100
P1539,iPhone 8  Camera Repair,Repair,100
P1540,iPhone 8  Camera Repair,Repair,100
P1541,iPhone 8  Camera Repair,Repair,100
P1542,iPhone 8  Camera Repair,Repair,100
P1543,iPhone 8  Camera Repair,Repair,100
P1544,iPhone 8  Camera Repair,Repair,100
P1545,iPhone 8  Camera Repair,Repair,100
P1546,iPhone 8  Camera Repair,Repair,100
P1547,iPhone 8  Camera Repair,Repair,100
P1548,iPhone 8  Camera Repair,Repair,100
P1549,iPhone 8  Camera Repair,Repair,100
P1550,iPhone 8  Camera Repair,Repair,100
P1551,iPhone 8  Camera Repair,Repair,100
P1552,iPhone 8  Camera Repair,Repair,100
P1553,iPhone 8  Camera Repair,Repair,100
P1554,iPhone 8  Camera Repair,Repair,100
P1555,iPhone X  Camera Repair,Repair,110
P1556,iPhone X  Camera Repair,Repair,110
P1557,iPhone X  Camera Repair,Repair,110
P1558,iPhone X  Camera Repair,Repair,110
P1559,iPhone XR Camera Repair,Repair,130
P1560,iPhone XR Camera Repair,Repair,130
P1561,iPhone XR Camera Repair,Repair,130
P1562,iPhone XR Camera Repair,Repair,130
P1563,iPhone XR Camera Repair,Repair,130
P1564,iPhone XR Camera Repair,Repair,130
P1565,iPhone XR Camera Repair,Repair,130
P1566,iPhone XR Camera Repair,Repair,130
P1567,iPhone XR Camera Repair,Repair,130
P1568,iPhone XR Camera Repair,Repair,130
P1569,iPhone XR Camera Repair,Repair,130
P1570,iPhone XR Camera Repair,Repair,130
P1571,iPhone XR Camera Repair,Repair,130
P1572,iPhone XR Camera Repair,Repair,130
P1573,iPhone XR Camera Repair,Repair,130
P1574,iPhone XR Camera Repair,Repair,130
P1575,iPhone XR Camera Repair,Repair,130
P1576,iPhone XR Camera Repair,Repair,130
P1577,iPhone XS Camera Repair,Repair,140
P1578,iPhone XS Camera Repair,Repair,140
P1579,iPhone XS Camera Repair,Repair,140
P1580,iPhone XS Camera Repair,Repair,140
P1581,iPhone XS Camera Repair,Repair,140
P1582,iPhone XS Camera Repair,Repair,140
P1583,iPhone XS Camera Repair,Repair,140
P1584,iPhone XS Camera Repair,Repair,140
P1585,iPhone XS Camera Repair,Repair,140
P1586,iPhone XS Camera Repair,Repair,140
P1587,iPhone XS Camera Repair,Repair,140
P1588,iPhone XS Camera Repair,Repair,140
P1589,iPhone XS Camera Repair,Repair,140
P1590,iPhone XS Camera Repair,Repair,140
P1591,iPhone XS Camera Repair,Repair,140
P1592,iPhone XS Camera Repair,Repair,140
P1593,iPhone XS Camera Repair,Repair,140
P1594,iPhone XS Camera Repair,Repair,140
P1595,iPhone 11 Camera Repair,Repair,150
P1596,iPhone 11 Camera Repair,Repair,150
P1597,iPhone 11 Camera Repair,Repair,150
P1598,iPhone 11 Camera Repair,Repair,150
P1599,iPhone 11 Camera Repair,Repair,150
P1600,iPhone 11 Camera Repair,Repair,150
P1601,iPhone 11 Camera Repair,Repair,150
P1602,iPhone 11 Camera Repair,Repair,150
P1603,iPhone 11 Camera Repair,Repair,150
P1604,iPhone 11 Camera Repair,Repair,150
P1605,iPhone 11 Camera Repair,Repair,150
P1606,iPhone 11 Camera Repair,Repair,150
P1607,iPhone 11 Camera Repair,Repair,150
P1608,iPhone 11 Camera Repair,Repair,150
P1609,iPhone 11 Camera Repair,Repair,150
P1610,iPhone 11 Camera Repair,Repair,150
P1611,iPhone 11 Camera Repair,Repair,150
P1612,iPhone 11 Camera Repair,Repair,150
P1613,iPhone 11 Camera Repair,Repair,150
P1614,iPhone 11 Camera Repair,Repair,150
P1615,iPhone 11 Camera Repair,Repair,150
P1616,iPhone 11 Camera Repair,Repair,150
P1617,iPhone 11 Camera Repair,Repair,150
P1618,iPhone 11 Camera Repair,Repair,150
P1619,iPhone 11 Camera Repair,Repair,150
P1620,iPhone 11 Camera Repair,Repair,150
P1621,iPhone 11 Camera Repair,Repair,150
P1622,iPhone 11 Camera Repair,Repair,150
P1623,iPhone 11 Camera Repair,Repair,150
P1624,iPhone 11 Camera Repair,Repair,150
P1625,iPhone 11 Camera Repair,Repair,150
P1626,iPhone 11 Camera Repair,Repair,150
P1627,iPhone 11 Camera Repair,Repair,150
P1628,iPhone 11 Camera Repair,Repair,150
P1629,iPhone 11 Camera Repair,Repair,150
P1630,iPhone 11 Camera Repair,Repair,150
P1631,iPhone 11 Camera Repair,Repair,150
P1632,iPhone 11 Camera Repair,Repair,150
P1633,iPhone 11 Camera Repair,Repair,150
P1634,iPhone 11 Camera Repair,Repair,150
P1635,iPhone 11 Camera Repair,Repair,150
P1636,iPhone 11 Camera Repair,Repair,150
P1637,iPhone SE Camera Repair,Repair,100
P1638,iPhone SE Camera Repair,Repair,100
P1639,iPhone SE Camera Repair,Repair,100
P1640,iPhone SE Camera Repair,Repair,100
P1641,iPhone SE Camera Repair,Repair,100
P1642,iPhone SE Camera Repair,Repair,100
P1643,iPhone SE Camera Repair,Repair,100
P1644,iPhone SE Camera Repair,Repair,100
P1645,iPhone SE Camera Repair,Repair,100
P1646,iPhone 12 Camera Repair,Repair,200
P1647,iPhone 12 Camera Repair,Repair,200
P1648,iPhone 12 Camera Repair,Repair,200
P1649,iPhone 12 Camera Repair,Repair,200
P1650,iPhone 12 Camera Repair,Repair,200
P1651,iPhone 12 Camera Repair,Repair,200
P1652,iPhone 12 Camera Repair,Repair,200
P1653,iPhone 12 Camera Repair,Repair,200
P1654,iPhone 12 Camera Repair,Repair,200
P1655,iPhone 12 Camera Repair,Repair,200
P1656,iPhone 12 Camera Repair,Repair,200
P1657,iPhone 12 Camera Repair,Repair,200
P1658,iPhone 12 Camera Repair,Repair,200
P1659,iPhone 12 Camera Repair,Repair,200
P1660,iPhone 12 Camera Repair,Repair,200
P1661,iPhone 12 Camera Repair,Repair,200
P1662,iPhone 12 Camera Repair,Repair,200
P1663,iPhone 12 Camera Repair,Repair,200
P1664,iPhone 12 Camera Repair,Repair,200
P1665,iPhone 12 Camera Repair,Repair,200
P1666,iPhone 12 Camera Repair,Repair,200
P1667,iPhone 12 Camera Repair,Repair,200
P1668,iPhone 12 Camera Repair,Repair,200
P1669,iPhone 12 Camera Repair,Repair,200
P1670,iPhone 12 Camera Repair,Repair,200
P1671,iPhone 12 Camera Repair,Repair,200
P1672,iPhone 12 Camera Repair,Repair,200
P1673,iPhone 12 Camera Repair,Repair,200
P1674,iPhone 12 Camera Repair,Repair,200
P1675,iPhone 12 Camera Repair,Repair,200
P1676,iPhone 12 Camera Repair,Repair,200
P1677,iPhone 12 Camera Repair,Repair,200
P1678,iPhone 12 Camera Repair,Repair,200
P1679,iPhone 12 Camera Repair,Repair,200
P1680,iPhone 12 Camera Repair,Repair,200
P1681,iPhone 12 Camera Repair,Repair,200
P1682,iPhone 12 Camera Repair,Repair,200
P1683,iPhone 12 Camera Repair,Repair,200
P1684,iPhone 12 Camera Repair,Repair,200
P1685,iPhone 12 Camera Repair,Repair,200
P1686,iPhone 12 Camera Repair,Repair,200
P1687,iPhone 12 Camera Repair,Repair,200
P1688,iPhone 12 Camera Repair,Repair,200
P1689,iPhone 12 Camera Repair,Repair,200
P1690,iPhone 12 Camera Repair,Repair,200
P1691,iPhone 12 Camera Repair,Repair,200
P1692,iPhone 12 Camera Repair,Repair,200
P1693,iPhone 12 Camera Repair,Repair,200
P1694,iPhone 12 Camera Repair,Repair,200
P1695,iPhone 12 Camera Repair,Repair,200
P1696,iPhone 12 Camera Repair,Repair,200
P1697,iPhone 12 Camera Repair,Repair,200
P1698,iPhone 12 Camera Repair,Repair,200
P1699,iPhone 12 Camera Repair,Repair,200
P1700,iPhone 12 Camera Repair,Repair,200
P1701,iPhone 12 Camera Repair,Repair,200
P1702,iPhone 12 Camera Repair,Repair,200
P1703,iPhone 12 Camera Repair,Repair,200
P1704,iPhone 12 Camera Repair,Repair,200
P1705,iPhone 12 Camera Repair,Repair,200
P1706,iPhone 13 Camera Repair,Repair,250
P1707,iPhone 13 Camera Repair,Repair,250
P1708,iPhone 13 Camera Repair,Repair,250
P1709,iPhone 13 Camera Repair,Repair,250
P1710,iPhone 13 Camera Repair,Repair,250
P1711,iPhone 13 Camera Repair,Repair,250
P1712,iPhone 13 Camera Repair,Repair,250
P1713,iPhone 13 Camera Repair,Repair,250
P1714,iPhone 13 Camera Repair,Repair,250
P1715,iPhone 13 Camera Repair,Repair,250
P1716,iPhone 13 Camera Repair,Repair,250
P1717,iPhone 13 Camera Repair,Repair,250
P1718,iPhone 13 Camera Repair,Repair,250
P1719,iPhone 13 Camera Repair,Repair,250
P1720,iPhone 13 Camera Repair,Repair,250
P1721,iPhone 13 Camera Repair,Repair,250
P1722,iPhone 13 Camera Repair,Repair,250
P1723,iPhone 13 Camera Repair,Repair,250
P1724,iPhone 13 Camera Repair,Repair,250
P1725,iPhone 13 Camera Repair,Repair,250
P1726,iPhone 13 Camera Repair,Repair,250
P1727,iPhone 13 Camera Repair,Repair,250
P1728,iPhone 13 Camera Repair,Repair,250
P1729,iPhone 13 Camera Repair,Repair,250
P1730,iPhone 13 Camera Repair,Repair,250
P1731,iPhone 13 Camera Repair,Repair,250
P1732,iPhone 13 Camera Repair,Repair,250
P1733,iPhone 13 Camera Repair,Repair,250
P1734,iPhone 13 Camera Repair,Repair,250
P1735,iPhone 13 Camera Repair,Repair,250
P1736,iPhone 13 Camera Repair,Repair,250
P1737,iPhone 13 Camera Repair,Repair,250
P1738,iPhone 13 Camera Repair,Repair,250
P1739,iPhone 13 Camera Repair,Repair,250
P1740,iPhone 13 Camera Repair,Repair,250
P1741,iPhone 13 Camera Repair,Repair,250
P1742,iPhone 13 Camera Repair,Repair,250
P1743,iPhone 13 Camera Repair,Repair,250
P1744,iPhone 13 Camera Repair,Repair,250
P1745,iPhone 13 Camera Repair,Repair,250
P1746,iPhone 13 Camera Repair,Repair,250
P1747,iPhone 13 Camera Repair,Repair,250
P1748,iPhone 13 Camera Repair,Repair,250
P1749,iPhone 13 Camera Repair,Repair,250
P1750,iPhone 13 Camera Repair,Repair,250
P1751,iPhone 13 Camera Repair,Repair,250
P1752,iPhone 13 Camera Repair,Repair,250
P1753,iPhone 13 Camera Repair,Repair,250
P1754,iPhone 13 Camera Repair,Repair,250
P1755,iPhone 13 Camera Repair,Repair,250
P1756,iPhone 13 Camera Repair,Repair,250
P1757,iPhone 13 Camera Repair,Repair,250
P1758,iPhone 13 Camera Repair,Repair,250
P1759,iPhone 13 Camera Repair,Repair,250
P1760,iPhone 13 Camera Repair,Repair,250
P1761,iPhone 13 Camera Repair,Repair,250
P1762,iPhone 13 Camera Repair,Repair,250
P1763,iPhone 13 Camera Repair,Repair,250
P1764,iPhone 13 Camera Repair,Repair,250
P1765,iPhone 13 Camera Repair,Repair,250
